NHL Team,State,County
Anaheim Ducks,California,Orange
Boston Bruins,Massachusetts,Suffolk
Buffalo Sabres,New York,Eerie
Calgary Flames,,
Carolina Hurricanes,North Carolina,Wake
Chicago Blackhawks,Illinois,Cook
Colorado Avalanche,Colorado,Denver
Columbus Blue Jackets,Ohio,Franklin
Dallas Stars,Texas,Dallas
Detroit Red Wings,Michigan,Wayne
Edmonton Oilers,,
Florida Panthers,Florida,Broward
Los Angeles Kings,California,Los Angeles
Minnesota Wild,Minnesota,Hennepin
Montreal Canadiens,,
Nashville Predators,Tennessee,Davidson
New Jersey Devils,New Jersey,
New York Islanders,New York,Nassau
New York Rangers,New York,New York
Ottawa Senators,,
Philadelphia Flyers,Pennsylvania,Philadelphia
Pittsburgh Penguins,Pennsylvania,Allegheny
San Jose Sharks,California,Santa Clara
Seattle Kraken,Washington,King
St Louis Blues,Missouri,
Tampa Bay Lightning,Florida,Hillsborough
Toronto Maple Leafs,,
Arizona Coyotes,Arizona,Maricopa
Vancouver Canucks,,
Vegas Golden Knights,Nevada,Clark
Washington Capitals,D.C.,
Winnipeg Jets,,